{
  "generation": 1,
  "fitness": [
    2.0722549019607843
  ],
  "genome": [
    0.2132109312278737,
    0.8699652672034017,
    0.5835276804047691,
    0.42156176690942937,
    0.5430240953444214,
    0.4469547305864586,
    0.8633654048563906,
    0.8402316880269286,
    0.218046022338642,
    0.520694015956737,
    0.15308953704079975,
    0.7278902833507923,
    0.1569751168037058,
    0.8978009983322044,
    0.4069496073221768,
    0.7194850789202837,
    0.7601708502795319,
    0.34451314978359016,
    0.5880720975959867,
    0.46088019042900086,
    0.8578121327769747,
    0.8970442043822219,
    0.6090486185896377,
    0.6807208580758644,
    0.3925741926824782,
    0.5200599686922532,
    0.6049331978521871,
    0.35673056786710233,
    0.7117331147856903,
    0.7681038576982572,
    0.8756495593050077,
    0.680239398055841,
    0.13884258806135819,
    0.2873018209274619,
    0.3507518170153776,
    0.7522302972913177,
    0.2846619932700247,
    0.98496985252176,
    0.7184549089092181,
    0.8411188733259389,
    0.2620303529276834,
    0.8090015880899907,
    0.2639471511529955,
    0.10837318400008633,
    0.5964074681631346,
    0.579810424358858,
    0.7861017871893711,
    0.5327042975505719,
    0.33893747200716107,
    0.3105853961032691
  ],
  "n_genes": 50,
  "population_size": 20,
  "cxpb": 0.5,
  "mutpb": 0.2
}